email,firstName,lastName
amanda@gmail.com,Amanda,Apple
ben@gmail.com,Ben,Banana
charlie@gmail.com,Charlie,Carrot
debbie@gmail.com,Debbie,DragonFruit
ellie@gmail.com,Ellie,Elderberry
frank@gmail.com,Frank,Fig
graham@gmail.com,Graham,Grape
