person_a_email,person_a_firstName,person_a_lastName,person_b_email,person_b_firstName,person_b_lastName,emails
amanda@gmail.com,Amanda,Apple,ben@gmail.com,Ben,Banana,amanda@gmail.com; ben@gmail.com
charlie@gmail.com,Charlie,Carrot,ellie@gmail.com,Ellie,Elderberry,charlie@gmail.com; ellie@gmail.com
frank@gmail.com,Frank,Fig,graham@gmail.com,Graham,Grape,frank@gmail.com; graham@gmail.com
