person_a_email,person_a_firstName,person_a_lastName,person_b_email,person_b_firstName,person_b_lastName,emails
debbie@gmail.com,Debbie,DragonFruit,frank@gmail.com,Frank,Fig,debbie@gmail.com; frank@gmail.com
charlie@gmail.com,Charlie,Carrot,graham@gmail.com,Graham,Grape,charlie@gmail.com; graham@gmail.com
ben@gmail.com,Ben,Banana,ellie@gmail.com,Ellie,Elderberry,ben@gmail.com; ellie@gmail.com
