person_a_email,person_a_firstName,person_a_lastName,person_b_email,person_b_firstName,person_b_lastName,emails
amanda@gmail.com,Amanda,Apple,debbie@gmail.com,Debbie,DragonFruit,amanda@gmail.com; debbie@gmail.com
ellie@gmail.com,Ellie,Elderberry,graham@gmail.com,Graham,Grape,ellie@gmail.com; graham@gmail.com
charlie@gmail.com,Charlie,Carrot,frank@gmail.com,Frank,Fig,charlie@gmail.com; frank@gmail.com
