person_a_email,person_a_firstName,person_a_lastName,person_b_email,person_b_firstName,person_b_lastName,emails
amanda@gmail.com,Amanda,Apple,charlie@gmail.com,Charlie,Carrot,amanda@gmail.com; charlie@gmail.com
ben@gmail.com,Ben,Banana,graham@gmail.com,Graham,Grape,ben@gmail.com; graham@gmail.com
ellie@gmail.com,Ellie,Elderberry,frank@gmail.com,Frank,Fig,ellie@gmail.com; frank@gmail.com
