person_a_email,person_a_firstName,person_a_lastName,person_b_email,person_b_firstName,person_b_lastName,emails
amanda@gmail.com,Amanda,Apple,graham@gmail.com,Graham,Grape,amanda@gmail.com; graham@gmail.com
debbie@gmail.com,Debbie,DragonFruit,ellie@gmail.com,Ellie,Elderberry,debbie@gmail.com; ellie@gmail.com
